{
	"parent": "minecraft:item/generated",
	"textures": {
	  "layer0": "minecraft:item/leather_horse_armor"
	},
    "overrides": [
        {"predicate": {"custom_model_data": 1}, "model": "lifeseries:hats/none"},
        {"predicate": {"custom_model_data": 2}, "model": "lifeseries:hats/rat_ears"},
        {"predicate": {"custom_model_data": 3}, "model": "lifeseries:hats/pigtails"},
        {"predicate": {"custom_model_data": 4}, "model": "lifeseries:hats/farmer_hat"},
        {"predicate": {"custom_model_data": 5}, "model": "lifeseries:hats/chef_hat"},
        {"predicate": {"custom_model_data": 6}, "model": "lifeseries:hats/wizardhat"}
        
    ]
}
