{
	"credit": "Made with Blockbench",
	"textures": {
		"0": "lifeseries:item/hats/rat_ears",
		"1": "lifeseries:item/hats/placeholder",
		"2": "lifeseries:item/hats/farmer_hat"
	},
	"elements": [
		{
			"name": "Head-Stand-in",
			"from": [4.01, 0.01, 4.01],
			"to": [11.99, 7.99, 11.99],
			"rotation": {"angle": 0, "axis": "y", "origin": [8, 0, 8]},
			"faces": {
				"north": {"uv": [4, 4, 8, 8], "texture": "#1"},
				"east": {"uv": [0, 4, 4, 8], "texture": "#1"},
				"south": {"uv": [12, 4, 16, 8], "texture": "#1"},
				"west": {"uv": [8, 4, 12, 8], "texture": "#1"},
				"up": {"uv": [4, 0, 8, 4], "texture": "#1"},
				"down": {"uv": [12, 0, 8, 4], "texture": "#1"}
			}
		},
		{
			"name": "right ear tint",
			"from": [10, 3, 8.5],
			"to": [16, 9, 8.5],
			"rotation": {"angle": 22.5, "axis": "z", "origin": [14, 5, 8.5]},
			"faces": {
				"north": {"uv": [0, 6, 6, 12], "texture": "#0", "tintindex": 0},
				"east": {"uv": [0, 0, 0, 0], "texture": "#missing"},
				"south": {"uv": [6, 6, 12, 12], "texture": "#0", "tintindex": 0},
				"west": {"uv": [0, 0, 0, 0], "texture": "#missing"},
				"up": {"uv": [0, 0, 0, 0], "texture": "#missing"},
				"down": {"uv": [0, 0, 0, 0], "texture": "#missing"}
			}
		},
		{
			"name": "right ear",
			"from": [10, 3, 8.5],
			"to": [16, 9, 8.5],
			"rotation": {"angle": 22.5, "axis": "z", "origin": [14, 5, 8.5]},
			"faces": {
				"north": {"uv": [0, 0, 6, 6], "texture": "#0"},
				"east": {"uv": [0, 0, 0, 0], "texture": "#missing"},
				"south": {"uv": [6, 0, 12, 6], "texture": "#0"},
				"west": {"uv": [0, 0, 0, 0], "texture": "#missing"},
				"up": {"uv": [0, 0, 0, 0], "texture": "#missing"},
				"down": {"uv": [0, 0, 0, 0], "texture": "#missing"}
			}
		},
		{
			"name": "left ear tint",
			"from": [0, 3, 8.5],
			"to": [6, 9, 8.5],
			"rotation": {"angle": -22.5, "axis": "z", "origin": [2, 5, 8.5]},
			"faces": {
				"north": {"uv": [6, 6, 0, 12], "texture": "#0", "tintindex": 0},
				"east": {"uv": [0, 0, 0, 0], "texture": "#missing", "tintindex": 0},
				"south": {"uv": [12, 6, 6, 12], "texture": "#0", "tintindex": 0},
				"west": {"uv": [0, 0, 0, 0], "texture": "#missing", "tintindex": 0},
				"up": {"uv": [0, 0, 0, 0], "texture": "#missing", "tintindex": 0},
				"down": {"uv": [0, 0, 0, 0], "texture": "#missing", "tintindex": 0}
			}
		},
		{
			"name": "left ear",
			"from": [0, 3, 8.5],
			"to": [6, 9, 8.5],
			"rotation": {"angle": -22.5, "axis": "z", "origin": [2, 5, 8.5]},
			"faces": {
				"north": {"uv": [6, 0, 0, 6], "texture": "#0"},
				"east": {"uv": [0, 0, 0, 0], "texture": "#missing"},
				"south": {"uv": [12, 0, 6, 6], "texture": "#0"},
				"west": {"uv": [0, 0, 0, 0], "texture": "#missing"},
				"up": {"uv": [0, 0, 0, 0], "texture": "#missing"},
				"down": {"uv": [0, 0, 0, 0], "texture": "#missing"}
			}
		},
		{
			"from": [3.9, 6.9, 3.9],
			"to": [12.1, 9.1, 12.1],
			"faces": {
				"north": {"uv": [4, 5, 8, 6], "texture": "#2"},
				"east": {"uv": [0, 5, 4, 6], "texture": "#2"},
				"south": {"uv": [4, 7, 8, 8], "texture": "#2"},
				"west": {"uv": [0, 7, 4, 8], "texture": "#2"},
				"up": {"uv": [4, 0, 8, 4], "texture": "#2"},
				"down": {"uv": [0, 0, 3.5, 3.5], "texture": "#2"}
			}
		},
		{
			"from": [2, 7, 2],
			"to": [14, 7, 14],
			"faces": {
				"north": {"uv": [0, 0, 3.5, 3.5], "texture": "#2"},
				"east": {"uv": [0, 0, 3.5, 3.5], "texture": "#2"},
				"south": {"uv": [0, 0, 3.5, 3.5], "texture": "#2"},
				"west": {"uv": [0, 0, 3.5, 3.5], "texture": "#2"},
				"up": {"uv": [9, 1, 15, 7], "texture": "#2"},
				"down": {"uv": [9, 7, 15, 1], "texture": "#2"}
			}
		},
		{
			"from": [2, 7, 0],
			"to": [14, 7, 2],
			"rotation": {"angle": 22.5, "axis": "x", "origin": [8, 7, 2]},
			"faces": {
				"north": {"uv": [0, 0, 3.5, 3.5], "texture": "#2"},
				"east": {"uv": [0, 0, 3.5, 3.5], "texture": "#2"},
				"south": {"uv": [0, 0, 3.5, 3.5], "texture": "#2"},
				"west": {"uv": [0, 0, 3.5, 3.5], "texture": "#2"},
				"up": {"uv": [9, 0, 15, 1], "texture": "#2"},
				"down": {"uv": [9, 1, 15, 0], "texture": "#2"}
			}
		},
		{
			"from": [2, 7, 14],
			"to": [14, 7, 16],
			"rotation": {"angle": -22.5, "axis": "x", "origin": [8, 7, 14]},
			"faces": {
				"north": {"uv": [0, 0, 3.5, 3.5], "texture": "#2"},
				"east": {"uv": [0, 0, 3.5, 3.5], "texture": "#2"},
				"south": {"uv": [0, 0, 3.5, 3.5], "texture": "#2"},
				"west": {"uv": [0, 0, 3.5, 3.5], "texture": "#2"},
				"up": {"uv": [9, 7, 15, 8], "texture": "#2"},
				"down": {"uv": [9, 8, 15, 7], "texture": "#2"}
			}
		},
		{
			"from": [0, 7, 2],
			"to": [2, 7, 14],
			"rotation": {"angle": -22.5, "axis": "z", "origin": [2, 7, 8]},
			"faces": {
				"north": {"uv": [0, 0, 3.5, 3.5], "texture": "#2"},
				"east": {"uv": [0, 0, 3.5, 3.5], "texture": "#2"},
				"south": {"uv": [0, 0, 3.5, 3.5], "texture": "#2"},
				"west": {"uv": [0, 0, 3.5, 3.5], "texture": "#2"},
				"up": {"uv": [8, 1, 9, 7], "texture": "#2"},
				"down": {"uv": [8, 7, 9, 1], "texture": "#2"}
			}
		},
		{
			"from": [14, 7, 2],
			"to": [16, 7, 14],
			"rotation": {"angle": 22.5, "axis": "z", "origin": [14, 7, 8]},
			"faces": {
				"north": {"uv": [0, 0, 3.5, 3.5], "texture": "#2"},
				"east": {"uv": [0, 0, 3.5, 3.5], "texture": "#2"},
				"south": {"uv": [0, 0, 3.5, 3.5], "texture": "#2"},
				"west": {"uv": [0, 0, 3.5, 3.5], "texture": "#2"},
				"up": {"uv": [15, 1, 16, 7], "texture": "#2"},
				"down": {"uv": [15, 7, 16, 1], "texture": "#2"}
			}
		}
	],
	"gui_light": "front",
	"display": {
		"thirdperson_righthand": {
			"rotation": [-180, 180, 180],
			"scale": [0.5, 0.5, 0.5]
		},
		"thirdperson_lefthand": {
			"rotation": [-180, 180, 180],
			"scale": [0.5, 0.5, 0.5]
		},
		"firstperson_righthand": {
			"rotation": [0, 135, 0],
			"translation": [0, 5, 0],
			"scale": [0.5, 0.5, 0.5]
		},
		"firstperson_lefthand": {
			"rotation": [0, 135, 0],
			"translation": [0, 5, 0],
			"scale": [0.5, 0.5, 0.5]
		},
		"ground": {
			"translation": [0, 2, 0],
			"scale": [0.5, 0.5, 0.5]
		},
		"gui": {
			"rotation": [15, 165, 0],
			"translation": [0, 4, 0]
		},
		"head": {
			"translation": [0, 6.4, 0],
			"scale": [1.6, 1.6, 1.6]
		},
		"fixed": {
			"translation": [0, 4, -3]
		}
	}
}