{
	"credit": "Made with Blockbench",
	"textures": {
		"0": "lifeseries:item/hats/pigtails",
		"1": "lifeseries:item/hats/placeholder",
		"2": "lifeseries:item/hats/rat_ears"
	},
	"elements": [
		{
			"name": "Head-Stand-in",
			"from": [4.5, 0.5, 4.5],
			"to": [11.5, 7.5, 11.5],
			"rotation": {"angle": 0, "axis": "y", "origin": [8, 0, 8]},
			"faces": {
				"north": {"uv": [4, 4, 8, 8], "texture": "#1"},
				"east": {"uv": [0, 4, 4, 8], "texture": "#1"},
				"south": {"uv": [12, 4, 16, 8], "texture": "#1"},
				"west": {"uv": [8, 4, 12, 8], "texture": "#1"},
				"up": {"uv": [4, 0, 8, 4], "texture": "#1"},
				"down": {"uv": [12, 0, 8, 4], "texture": "#1"}
			}
		},
		{
			"name": "right ear tint",
			"from": [10, 2, 8.5],
			"to": [16, 8, 8.5],
			"rotation": {"angle": -22.5, "axis": "y", "origin": [14, 5, 8.5]},
			"faces": {
				"north": {"uv": [0, 6, 6, 12], "texture": "#2", "tintindex": 0},
				"east": {"uv": [0, 0, 0, 0], "texture": "#missing"},
				"south": {"uv": [6, 6, 12, 12], "texture": "#2", "tintindex": 0},
				"west": {"uv": [0, 0, 0, 0], "texture": "#missing"},
				"up": {"uv": [0, 0, 0, 0], "texture": "#missing"},
				"down": {"uv": [0, 0, 0, 0], "texture": "#missing"}
			}
		},
		{
			"name": "right ear",
			"from": [10, 2, 8.5],
			"to": [16, 8, 8.5],
			"rotation": {"angle": -22.5, "axis": "y", "origin": [14, 5, 8.5]},
			"faces": {
				"north": {"uv": [0, 0, 6, 6], "texture": "#2"},
				"east": {"uv": [0, 0, 0, 0], "texture": "#missing"},
				"south": {"uv": [6, 0, 12, 6], "texture": "#2"},
				"west": {"uv": [0, 0, 0, 0], "texture": "#missing"},
				"up": {"uv": [0, 0, 0, 0], "texture": "#missing"},
				"down": {"uv": [0, 0, 0, 0], "texture": "#missing"}
			}
		},
		{
			"name": "left ear tint",
			"from": [0, 2, 8.5],
			"to": [6, 8, 8.5],
			"rotation": {"angle": 22.5, "axis": "y", "origin": [2, 5, 8.5]},
			"faces": {
				"north": {"uv": [6, 6, 0, 12], "texture": "#2", "tintindex": 0},
				"east": {"uv": [0, 0, 0, 0], "texture": "#missing"},
				"south": {"uv": [12, 6, 6, 12], "texture": "#2", "tintindex": 0},
				"west": {"uv": [0, 0, 0, 0], "texture": "#missing"},
				"up": {"uv": [0, 0, 0, 0], "texture": "#missing"},
				"down": {"uv": [0, 0, 0, 0], "texture": "#missing"}
			}
		},
		{
			"name": "left ear",
			"from": [0, 2, 8.5],
			"to": [6, 8, 8.5],
			"rotation": {"angle": 22.5, "axis": "y", "origin": [2, 5, 8.5]},
			"faces": {
				"north": {"uv": [6, 0, 0, 6], "texture": "#2"},
				"east": {"uv": [0, 0, 0, 0], "texture": "#missing"},
				"south": {"uv": [12, 0, 6, 6], "texture": "#2"},
				"west": {"uv": [0, 0, 0, 0], "texture": "#missing"},
				"up": {"uv": [0, 0, 0, 0], "texture": "#missing"},
				"down": {"uv": [0, 0, 0, 0], "texture": "#missing"}
			}
		},
		{
			"name": "base",
			"from": [-6.22812, 4.34164, 8.24468],
			"to": [-4.80966, 7.83834, 9.89194],
			"rotation": {"angle": -22.5, "axis": "z", "origin": [-2.98826, 0.50312, 8.82716]},
			"faces": {
				"north": {"uv": [4.5, 5.5, 5, 4], "rotation": 270, "texture": "#0"},
				"east": {"uv": [4, 7, 4.5, 5.5], "rotation": 90, "texture": "#0"},
				"south": {"uv": [4.5, 7, 5, 5.5], "rotation": 90, "texture": "#0"},
				"west": {"uv": [4, 5.5, 4.5, 4], "rotation": 90, "texture": "#0"},
				"up": {"uv": [4.5, 3.5, 4, 4], "rotation": 90, "texture": "#0"},
				"down": {"uv": [5, 4, 4.5, 3.5], "rotation": 90, "texture": "#0"}
			}
		},
		{
			"name": "base",
			"from": [-2.46232, 2.19464, 8.29044],
			"to": [-1.13536, 5.59982, 9.6174],
			"rotation": {"angle": 22.5, "axis": "z", "origin": [-2.98826, 0.50312, 8.82716]},
			"faces": {
				"north": {"uv": [4.5, 7.75, 5, 6.25], "rotation": 270, "texture": "#0"},
				"east": {"uv": [4, 5.75, 4.5, 4.25], "rotation": 90, "texture": "#0"},
				"south": {"uv": [4.5, 5.75, 5, 4.25], "rotation": 90, "texture": "#0"},
				"west": {"uv": [4, 7.75, 4.5, 6.25], "rotation": 90, "texture": "#0"},
				"up": {"uv": [4.5, 5.75, 4, 6.25], "rotation": 90, "texture": "#0"},
				"down": {"uv": [5, 6.25, 4.5, 5.75], "rotation": 90, "texture": "#0"}
			}
		},
		{
			"name": "base",
			"from": [-4.19324, -0.25852, 8.3362],
			"to": [-2.95782, 3.05516, 9.57164],
			"rotation": {"angle": -22.5, "axis": "z", "origin": [-2.98826, 0.50312, 8.82716]},
			"faces": {
				"north": {"uv": [4.5, 8.5, 5, 7], "rotation": 270, "texture": "#0"},
				"east": {"uv": [4, 6.5, 4.5, 5], "rotation": 90, "texture": "#0"},
				"south": {"uv": [4.5, 6.5, 5, 5], "rotation": 90, "texture": "#0"},
				"west": {"uv": [4, 8.5, 4.5, 7], "rotation": 90, "texture": "#0"},
				"up": {"uv": [4.5, 6.5, 4, 7], "rotation": 90, "texture": "#0"},
				"down": {"uv": [5, 7, 4.5, 6.5], "rotation": 90, "texture": "#0"}
			}
		},
		{
			"name": "base",
			"from": [-4.33704, -2.4284, 8.35908],
			"to": [-3.37614, 0.8395, 9.31996],
			"rotation": {"angle": 22.5, "axis": "z", "origin": [-2.98826, 0.50312, 8.82716]},
			"faces": {
				"north": {"uv": [4.5, 6, 5, 4.5], "rotation": 270, "texture": "#0"},
				"east": {"uv": [4, 7.5, 4.5, 6], "rotation": 90, "texture": "#0"},
				"south": {"uv": [4.5, 7.5, 5, 6], "rotation": 90, "texture": "#0"},
				"west": {"uv": [4, 6, 4.5, 4.5], "rotation": 90, "texture": "#0"},
				"up": {"uv": [4.5, 4, 4, 4.5], "rotation": 90, "texture": "#0"},
				"down": {"uv": [5, 4.5, 4.5, 4], "rotation": 90, "texture": "#0"}
			}
		},
		{
			"name": "base",
			"from": [-2.13712, -5.06622, 8.38196],
			"to": [-1.22198, -1.84406, 9.2971],
			"rotation": {"angle": -22.5, "axis": "z", "origin": [-2.98826, 0.50312, 8.82716]},
			"faces": {
				"north": {"uv": [4.5, 8.5, 5, 7], "rotation": 270, "texture": "#0"},
				"east": {"uv": [4, 6.5, 4.5, 5], "rotation": 90, "texture": "#0"},
				"south": {"uv": [4.5, 6.5, 5, 5], "rotation": 90, "texture": "#0"},
				"west": {"uv": [4, 8.5, 4.5, 7], "rotation": 90, "texture": "#0"},
				"up": {"uv": [4.5, 6.5, 4, 7], "rotation": 90, "texture": "#0"},
				"down": {"uv": [5, 7, 4.5, 6.5], "rotation": 90, "texture": "#0"}
			}
		},
		{
			"name": "base",
			"from": [-6.32452, -7.25898, 8.38196],
			"to": [-5.4094, -4.03684, 9.2971],
			"rotation": {"angle": 22.5, "axis": "z", "origin": [-2.98826, 0.50312, 8.82716]},
			"faces": {
				"north": {"uv": [4.5, 5.5, 5, 4], "rotation": 270, "texture": "#0"},
				"east": {"uv": [4.5, 7, 4, 5.5], "rotation": 90, "texture": "#0"},
				"south": {"uv": [5, 7, 4.5, 5.5], "rotation": 90, "texture": "#0"},
				"west": {"uv": [4, 5.5, 4.5, 4], "rotation": 90, "texture": "#0"},
				"up": {"uv": [4.5, 7, 4, 7.5], "rotation": 90, "texture": "#0"},
				"down": {"uv": [5, 7.5, 4.5, 7], "rotation": 90, "texture": "#0"}
			}
		},
		{
			"name": "base",
			"from": [-0.12674, -9.91968, 8.38196],
			"to": [0.78838, -6.69752, 9.2971],
			"rotation": {"angle": -22.5, "axis": "z", "origin": [-2.98826, 0.50312, 8.82716]},
			"faces": {
				"north": {"uv": [4.5, 8.5, 5, 7], "rotation": 270, "texture": "#0"},
				"east": {"uv": [4, 7, 4.5, 5.5], "rotation": 90, "texture": "#0"},
				"south": {"uv": [4.5, 7, 5, 5.5], "rotation": 90, "texture": "#0"},
				"west": {"uv": [4, 8.5, 4.5, 7], "rotation": 90, "texture": "#0"},
				"up": {"uv": [4.5, 5, 4, 5.5], "rotation": 90, "texture": "#0"},
				"down": {"uv": [5, 5.5, 4.5, 5], "rotation": 90, "texture": "#0"}
			}
		},
		{
			"name": "base",
			"from": [0.42192, -8.03124, 8.38196],
			"to": [3.64406, -7.1161, 9.2971],
			"rotation": {"angle": -45, "axis": "z", "origin": [-2.98826, 0.50312, 8.82716]},
			"faces": {
				"north": {"uv": [5.25, 3, 6, 2.75], "rotation": 270, "texture": "#0"},
				"east": {"uv": [6, 3, 6.25, 2.75], "rotation": 90, "texture": "#0"},
				"south": {"uv": [6.25, 3, 7, 2.75], "rotation": 90, "texture": "#0"},
				"west": {"uv": [5, 3, 5.25, 2.75], "rotation": 90, "texture": "#0"},
				"up": {"uv": [6, 2.5, 5.25, 2.75], "rotation": 90, "texture": "#0"},
				"down": {"uv": [6.75, 2.75, 6, 2.5], "rotation": 90, "texture": "#0"}
			}
		},
		{
			"name": "base",
			"from": [-5.97556, -8.75628, 8.38196],
			"to": [-2.75342, -7.84114, 9.2971],
			"rotation": {"angle": -22.5, "axis": "z", "origin": [-2.98826, 0.50312, 8.82716]},
			"faces": {
				"north": {"uv": [5.25, 3, 6, 2.75], "rotation": 270, "texture": "#0"},
				"east": {"uv": [6, 3, 6.25, 2.75], "rotation": 90, "texture": "#0"},
				"south": {"uv": [6.25, 3, 7, 2.75], "rotation": 90, "texture": "#0"},
				"west": {"uv": [5, 3, 5.25, 2.75], "rotation": 90, "texture": "#0"},
				"up": {"uv": [6, 2.5, 5.25, 2.75], "rotation": 90, "texture": "#0"},
				"down": {"uv": [6.75, 2.75, 6, 2.5], "rotation": 90, "texture": "#0"}
			}
		},
		{
			"name": "base",
			"from": [-2.55498, -8.34916, 8.38196],
			"to": [-1.63984, -5.12702, 9.2971],
			"rotation": {"angle": -45, "axis": "z", "origin": [-2.98826, 0.50312, 8.82716]},
			"faces": {
				"north": {"uv": [4.5, 5.75, 5, 4.25], "rotation": 270, "texture": "#0"},
				"east": {"uv": [4, 7.25, 4.5, 5.75], "rotation": 90, "texture": "#0"},
				"south": {"uv": [4.5, 7.25, 5, 5.75], "rotation": 90, "texture": "#0"},
				"west": {"uv": [4, 5.75, 4.5, 4.25], "rotation": 90, "texture": "#0"},
				"up": {"uv": [4.5, 3.75, 4, 4.25], "rotation": 90, "texture": "#0"},
				"down": {"uv": [5, 4.25, 4.5, 3.75], "rotation": 90, "texture": "#0"}
			}
		},
		{
			"name": "base",
			"from": [-4.86198, -5.127, 8.38196],
			"to": [-1.63984, -4.21188, 9.2971],
			"rotation": {"angle": -45, "axis": "z", "origin": [-2.98826, 0.50312, 8.82716]},
			"faces": {
				"north": {"uv": [5.25, 3, 6, 2.75], "rotation": 270, "texture": "#0"},
				"east": {"uv": [6, 3, 6.25, 2.75], "rotation": 90, "texture": "#0"},
				"south": {"uv": [6.25, 3, 7, 2.75], "rotation": 90, "texture": "#0"},
				"west": {"uv": [5, 3, 5.25, 2.75], "rotation": 90, "texture": "#0"},
				"up": {"uv": [6, 2.5, 5.25, 2.75], "rotation": 90, "texture": "#0"},
				"down": {"uv": [6.75, 2.75, 6, 2.5], "rotation": 90, "texture": "#0"}
			}
		},
		{
			"name": "base",
			"from": [2.36966, 4.81722, 8.21724],
			"to": [4.52938, 6.2906, 9.91938],
			"rotation": {"angle": 45, "axis": "z", "origin": [-2.98826, 0.50312, 8.82716]},
			"faces": {
				"north": {"uv": [3.25, 2.5, 3.75, 2.25], "rotation": 270, "texture": "#0"},
				"east": {"uv": [3.75, 2.5, 4, 2.25], "rotation": 90, "texture": "#0"},
				"south": {"uv": [4, 2.5, 4.5, 2.25], "rotation": 90, "texture": "#0"},
				"west": {"uv": [3, 2.5, 3.25, 2.25], "rotation": 90, "texture": "#0"},
				"up": {"uv": [3.75, 2, 3.25, 2.25], "rotation": 90, "texture": "#0"},
				"down": {"uv": [4.25, 2.25, 3.75, 2], "rotation": 90, "texture": "#0"}
			}
		},
		{
			"name": "base",
			"from": [1.4986, 6.73288, 8.10742],
			"to": [2.50524, 8.65466, 10.0292],
			"rotation": {"angle": 22.5, "axis": "z", "origin": [-2.98826, 0.50312, 8.82716]},
			"faces": {
				"north": {"uv": [3.5, 2, 3.75, 1.5], "rotation": 270, "texture": "#0"},
				"east": {"uv": [3.75, 2, 4.25, 1.5], "rotation": 90, "texture": "#0"},
				"south": {"uv": [4.25, 2, 4.5, 1.5], "rotation": 90, "texture": "#0"},
				"west": {"uv": [3, 2, 3.5, 1.5], "rotation": 90, "texture": "#0"},
				"up": {"uv": [3.75, 1, 3.5, 1.5], "rotation": 90, "texture": "#0"},
				"down": {"uv": [4, 1.5, 3.75, 1], "rotation": 90, "texture": "#0"}
			}
		},
		{
			"name": "base",
			"from": [2.4332, 6.31318, 7.6956],
			"to": [6.09374, 9.05858, 10.44102],
			"rotation": {"angle": 22.5, "axis": "z", "origin": [-2.98826, 0.50312, 8.82716]},
			"faces": {
				"north": {"uv": [1.25, 1.5, 2.25, 0.75], "rotation": 270, "texture": "#0"},
				"east": {"uv": [2.25, 1.5, 3, 0.75], "rotation": 90, "texture": "#0"},
				"south": {"uv": [3, 1.5, 4, 0.75], "rotation": 90, "texture": "#0"},
				"west": {"uv": [0, 1.5, 1.25, 0.75], "rotation": 90, "texture": "#0"},
				"up": {"uv": [1.75, 0, 0.75, 0.75], "rotation": 90, "texture": "#0"},
				"down": {"uv": [2.75, 0.75, 1.75, 0], "rotation": 90, "texture": "#0"}
			}
		},
		{
			"name": "base",
			"from": [6.31, 1.8737, 8.15318],
			"to": [8.14026, 2.78884, 9.98344],
			"rotation": {"angle": 45, "axis": "z", "origin": [-2.98826, 0.50312, 8.82716]},
			"faces": {
				"north": {"uv": [3.75, 0.5, 3.25, 0.75], "texture": "#0"},
				"east": {"uv": [4.25, 0.5, 3.75, 0.75], "texture": "#0"},
				"south": {"uv": [4.75, 0.5, 4.25, 0.75], "texture": "#0"},
				"west": {"uv": [3.25, 0.5, 2.75, 0.75], "texture": "#0"},
				"up": {"uv": [3.25, 0.5, 3.75, 0], "texture": "#0"},
				"down": {"uv": [3.75, 0, 4.25, 0.5], "texture": "#0"}
			}
		},
		{
			"name": "HairTie",
			"from": [6.76756, 0.27222, 8.61074],
			"to": [7.6827, 2.10248, 9.52588],
			"rotation": {"angle": 45, "axis": "z", "origin": [-2.98826, 0.50312, 8.82716]},
			"faces": {
				"north": {"uv": [3.25, 2.75, 3, 3.25], "texture": "#0"},
				"east": {"uv": [3.5, 2.75, 3.25, 3.25], "texture": "#0"},
				"south": {"uv": [3.75, 2.75, 3.5, 3.25], "texture": "#0"},
				"west": {"uv": [3.75, 2.75, 3.5, 3], "texture": "#0"},
				"up": {"uv": [4, 2.75, 3.75, 3.25], "texture": "#0"},
				"down": {"uv": [3.75, 2.75, 3.25, 2.5], "texture": "#0"}
			}
		},
		{
			"from": [-1.1842, 0.48534, 8.38196],
			"to": [-0.26908, 1.40046, 9.0683],
			"rotation": {"angle": 45, "axis": "z", "origin": [-2.98826, 0.50312, 8.82716]},
			"faces": {
				"north": {"uv": [0.5, 0, 0, 0.25], "texture": "#0"},
				"east": {"uv": [0.25, 0, 0.5, 0.25], "texture": "#0"},
				"south": {"uv": [0.25, 0, 0, 0.25], "texture": "#0"},
				"west": {"uv": [0.25, 0, 0, 0.25], "texture": "#0"},
				"up": {"uv": [0, 0, 0.5, 0], "texture": "#0"},
				"down": {"uv": [0, 0, 0.5, 0], "texture": "#0"}
			}
		},
		{
			"from": [-4.37704, 2.71248, 8.61074],
			"to": [-3.46192, 3.62762, 9.2971],
			"rotation": {"angle": -45, "axis": "z", "origin": [-2.98826, 0.50312, 8.82716]},
			"faces": {
				"north": {"uv": [0.5, 0, 0, 0.25], "texture": "#0"},
				"east": {"uv": [0.25, 0, 0.5, 0.25], "texture": "#0"},
				"south": {"uv": [0.25, 0, 0, 0.25], "texture": "#0"},
				"west": {"uv": [0.25, 0, 0, 0.25], "texture": "#0"},
				"up": {"uv": [0, 0, 0.5, 0], "texture": "#0"},
				"down": {"uv": [0, 0, 0.5, 0], "texture": "#0"}
			}
		},
		{
			"from": [-3.75296, 2.42806, 8.15318],
			"to": [-1.92268, 3.34318, 9.75466],
			"rotation": {"angle": 0, "axis": "y", "origin": [-2.98826, 0.50312, 8.82716]},
			"faces": {
				"north": {"uv": [4.75, 1, 4.25, 1.25], "texture": "#0"},
				"east": {"uv": [5, 1, 4.75, 1.25], "texture": "#0"},
				"south": {"uv": [5.5, 1, 5, 1.25], "texture": "#0"},
				"west": {"uv": [4.25, 1, 4, 1.25], "texture": "#0"},
				"up": {"uv": [4.25, 1, 4.75, 0.75], "texture": "#0"},
				"down": {"uv": [4.75, 0.75, 5.25, 1], "texture": "#0"}
			}
		},
		{
			"from": [-5.4868, 2.00774, 8.61074],
			"to": [-4.57168, 2.92288, 9.2971],
			"rotation": {"angle": -22.5, "axis": "z", "origin": [-2.98826, 0.50312, 8.82716]},
			"faces": {
				"north": {"uv": [0.5, 0, 0, 0.25], "texture": "#0"},
				"east": {"uv": [0.5, 0, 0.25, 0.25], "texture": "#0"},
				"south": {"uv": [0.25, 0, 0, 0.25], "texture": "#0"},
				"west": {"uv": [0.25, 0, 0, 0.25], "texture": "#0"},
				"up": {"uv": [0, 0, 0.5, 0], "texture": "#0"},
				"down": {"uv": [0, 0, 0.5, 0.25], "texture": "#0"}
			}
		},
		{
			"from": [-2.80196, 2.10308, 8.38196],
			"to": [-1.88682, 3.0182, 9.0683],
			"rotation": {"angle": 45, "axis": "z", "origin": [-2.98826, 0.50312, 8.82716]},
			"faces": {
				"north": {"uv": [0.5, 0, 0, 0.25], "texture": "#0"},
				"east": {"uv": [0.25, 0, 0.5, 0.25], "texture": "#0"},
				"south": {"uv": [0.25, 0, 0, 0.25], "texture": "#0"},
				"west": {"uv": [0.25, 0, 0, 0.25], "texture": "#0"},
				"up": {"uv": [0, 0, 0.5, 0], "texture": "#0"},
				"down": {"uv": [0, 0, 0.5, 0.25], "texture": "#0"}
			}
		},
		{
			"from": [-8.56216, -6.89262, 8.38196],
			"to": [-7.64702, -5.97748, 9.0683],
			"rotation": {"angle": 45, "axis": "z", "origin": [-2.98826, 0.50312, 8.82716]},
			"faces": {
				"north": {"uv": [0.5, 0, 0, 0.25], "texture": "#0"},
				"east": {"uv": [0.25, 0, 0.5, 0.25], "texture": "#0"},
				"south": {"uv": [0.25, 0, 0, 0.25], "texture": "#0"},
				"west": {"uv": [0.25, 0, 0, 0.25], "texture": "#0"},
				"up": {"uv": [0, 0, 0.5, 0], "texture": "#0"},
				"down": {"uv": [0, 0, 0.5, 0], "texture": "#0"}
			}
		},
		{
			"from": [3.00092, -4.66546, 8.61074],
			"to": [3.91604, -3.75034, 9.2971],
			"rotation": {"angle": -45, "axis": "z", "origin": [-2.98826, 0.50312, 8.82716]},
			"faces": {
				"north": {"uv": [0.5, 0, 0, 0.25], "texture": "#0"},
				"east": {"uv": [0.25, 0, 0.5, 0.25], "texture": "#0"},
				"south": {"uv": [0.25, 0, 0, 0.25], "texture": "#0"},
				"west": {"uv": [0.25, 0, 0, 0.25], "texture": "#0"},
				"up": {"uv": [0, 0, 0.5, 0], "texture": "#0"},
				"down": {"uv": [0, 0, 0.5, 0], "texture": "#0"}
			}
		},
		{
			"from": [-3.75296, -8.00594, 8.15318],
			"to": [-1.92268, -7.09082, 9.75466],
			"rotation": {"angle": 0, "axis": "y", "origin": [-2.98826, 0.50312, 8.82716]},
			"faces": {
				"north": {"uv": [4.75, 1, 4.25, 1.25], "texture": "#0"},
				"east": {"uv": [5, 1, 4.75, 1.25], "texture": "#0"},
				"south": {"uv": [5.5, 1, 5, 1.25], "texture": "#0"},
				"west": {"uv": [4.25, 1, 4, 1.25], "texture": "#0"},
				"up": {"uv": [4.25, 1, 4.75, 0.75], "texture": "#0"},
				"down": {"uv": [4.75, 0.75, 5.25, 1], "texture": "#0"}
			}
		},
		{
			"from": [-1.49388, -7.63202, 8.61074],
			"to": [-0.57876, -6.71688, 9.2971],
			"rotation": {"angle": -22.5, "axis": "z", "origin": [-2.98826, 0.50312, 8.82716]},
			"faces": {
				"north": {"uv": [0.5, 0, 0, 0.25], "texture": "#0"},
				"east": {"uv": [0.5, 0, 0.25, 0.25], "texture": "#0"},
				"south": {"uv": [0.25, 0, 0, 0.25], "texture": "#0"},
				"west": {"uv": [0.25, 0, 0, 0.25], "texture": "#0"},
				"up": {"uv": [0, 0, 0.5, 0], "texture": "#0"},
				"down": {"uv": [0, 0, 0.5, 0.25], "texture": "#0"}
			}
		},
		{
			"from": [-10.1799, -5.27488, 8.38196],
			"to": [-9.26476, -4.35974, 9.0683],
			"rotation": {"angle": 45, "axis": "z", "origin": [-2.98826, 0.50312, 8.82716]},
			"faces": {
				"north": {"uv": [0.5, 0, 0, 0.25], "texture": "#0"},
				"east": {"uv": [0.25, 0, 0.5, 0.25], "texture": "#0"},
				"south": {"uv": [0.25, 0, 0, 0.25], "texture": "#0"},
				"west": {"uv": [0.25, 0, 0, 0.25], "texture": "#0"},
				"up": {"uv": [0, 0, 0.5, 0], "texture": "#0"},
				"down": {"uv": [0, 0, 0.5, 0.25], "texture": "#0"}
			}
		},
		{
			"from": [-5.0668, -3.39726, 8.38196],
			"to": [-4.15166, -2.48212, 9.0683],
			"rotation": {"angle": 45, "axis": "z", "origin": [-2.98826, 0.50312, 8.82716]},
			"faces": {
				"north": {"uv": [0.5, 0.25, 0, 0.5], "texture": "#0"},
				"east": {"uv": [0.25, 0.25, 0.5, 0.5], "texture": "#0"},
				"south": {"uv": [0.5, 0.25, 0, 0.5], "texture": "#0"},
				"west": {"uv": [0, 0.25, 0.25, 0.5], "texture": "#0"},
				"up": {"uv": [0, 0.5, 0.5, 0.5], "texture": "#0"},
				"down": {"uv": [0, 0.5, 0.5, 0.25], "texture": "#0"}
			}
		},
		{
			"from": [-0.49446, -1.1701, 8.61074],
			"to": [0.42068, -0.25496, 9.2971],
			"rotation": {"angle": -45, "axis": "z", "origin": [-2.98826, 0.50312, 8.82716]},
			"faces": {
				"north": {"uv": [0.5, 0.25, 0, 0.5], "texture": "#0"},
				"east": {"uv": [0.5, 0.25, 0.25, 0.5], "texture": "#0"},
				"south": {"uv": [0.5, 0.25, 0, 0.5], "texture": "#0"},
				"west": {"uv": [0, 0.25, 0.25, 0.5], "texture": "#0"},
				"up": {"uv": [0, 0.25, 0.5, 0.5], "texture": "#0"},
				"down": {"uv": [0.25, 0.5, 0.5, 0.25], "texture": "#0"}
			}
		},
		{
			"from": [-3.75296, -3.06276, 8.15318],
			"to": [-1.92268, -2.14762, 9.75466],
			"rotation": {"angle": 0, "axis": "y", "origin": [-2.98826, 0.50312, 8.82716]},
			"faces": {
				"north": {"uv": [6.25, 1, 5.75, 1.25], "texture": "#0"},
				"east": {"uv": [6.5, 1, 6.25, 1.25], "texture": "#0"},
				"south": {"uv": [7, 1, 6.5, 1.25], "texture": "#0"},
				"west": {"uv": [5.75, 1, 5.5, 1.25], "texture": "#0"},
				"up": {"uv": [5.75, 1, 6.25, 0.75], "texture": "#0"},
				"down": {"uv": [6.25, 0.75, 6.75, 1], "texture": "#0"}
			}
		},
		{
			"from": [-6.68454, -1.7795, 8.38196],
			"to": [-5.7694, -0.86438, 9.0683],
			"rotation": {"angle": 45, "axis": "z", "origin": [-2.98826, 0.50312, 8.82716]},
			"faces": {
				"north": {"uv": [0.5, 0.25, 0, 0.5], "texture": "#0"},
				"east": {"uv": [0.25, 0.25, 0.5, 0.5], "texture": "#0"},
				"south": {"uv": [0.5, 0.25, 0, 0.5], "texture": "#0"},
				"west": {"uv": [0.25, 0.25, 0, 0.5], "texture": "#0"},
				"up": {"uv": [0, 0.25, 0.5, 0.5], "texture": "#0"},
				"down": {"uv": [0, 0.25, 0.5, 0.5], "texture": "#0"}
			}
		},
		{
			"from": [-3.38556, -3.0651, 8.61074],
			"to": [-2.47044, -2.14998, 9.2971],
			"rotation": {"angle": -22.5, "axis": "z", "origin": [-2.98826, 0.50312, 8.82716]},
			"faces": {
				"north": {"uv": [0.25, 0.25, 0, 0.5], "texture": "#0"},
				"east": {"uv": [0.25, 0.25, 0.5, 0.5], "texture": "#0"},
				"south": {"uv": [0.5, 0.25, 0.25, 0.5], "texture": "#0"},
				"west": {"uv": [0.25, 0.25, 0, 0.5], "texture": "#0"},
				"up": {"uv": [0, 0.5, 0.5, 0.25], "texture": "#0"},
				"down": {"uv": [0, 0.5, 0.5, 0.25], "texture": "#0"}
			}
		},
		{
			"from": [-4.58116, -8.28786, 8.24284],
			"to": [-3.66602, -7.37272, 8.92918],
			"rotation": {"angle": -22.5, "axis": "z", "origin": [-2.98826, 0.50312, 8.82716]},
			"faces": {
				"north": {"uv": [0, 0.5, 0.5, 0.25], "rotation": 270, "texture": "#0"},
				"east": {"uv": [0.5, 0.25, 0, 0.5], "rotation": 90, "texture": "#0"},
				"south": {"uv": [0, 0.5, 0.5, 0.25], "rotation": 90, "texture": "#0"},
				"west": {"uv": [0.5, 0.5, 0, 0.5], "rotation": 90, "texture": "#0"},
				"up": {"uv": [0.5, 0.5, 0.25, 0.25], "rotation": 90, "texture": "#0"},
				"down": {"uv": [0.25, 0.5, 0, 0.25], "rotation": 90, "texture": "#0"}
			}
		},
		{
			"from": [-5.07258, -7.88254, 8.47162],
			"to": [-4.15746, -6.9674, 9.15798],
			"rotation": {"angle": -22.5, "axis": "z", "origin": [-2.98826, 0.50312, 8.82716]},
			"faces": {
				"north": {"uv": [0.5, 0.25, 0, 0.5], "texture": "#0"},
				"east": {"uv": [0.5, 0.25, 0.25, 0.5], "texture": "#0"},
				"south": {"uv": [0.5, 0.25, 0, 0.5], "texture": "#0"},
				"west": {"uv": [0, 0.25, 0.25, 0.5], "texture": "#0"},
				"up": {"uv": [0, 0.25, 0.5, 0.5], "texture": "#0"},
				"down": {"uv": [0.25, 0.5, 0.5, 0.25], "texture": "#0"}
			}
		},
		{
			"from": [-11.73662, -4.57194, 8.01406],
			"to": [-9.90634, -3.6568, 9.61554],
			"rotation": {"angle": 22.5, "axis": "z", "origin": [-2.98826, 0.50312, 8.82716]},
			"faces": {
				"north": {"uv": [6.25, 1, 5.75, 1.25], "texture": "#0"},
				"east": {"uv": [6.5, 1, 6.25, 1.25], "texture": "#0"},
				"south": {"uv": [7, 1, 6.5, 1.25], "texture": "#0"},
				"west": {"uv": [5.75, 1, 5.5, 1.25], "texture": "#0"},
				"up": {"uv": [5.75, 1, 6.25, 0.75], "texture": "#0"},
				"down": {"uv": [6.25, 0.75, 6.75, 1], "texture": "#0"}
			}
		},
		{
			"from": [-6.1989, -9.90562, 8.24284],
			"to": [-5.28376, -8.99048, 8.92918],
			"rotation": {"angle": -22.5, "axis": "z", "origin": [-2.98826, 0.50312, 8.82716]},
			"faces": {
				"north": {"uv": [0, 0.5, 0.5, 0.25], "rotation": 270, "texture": "#0"},
				"east": {"uv": [0.5, 0.5, 0, 0.25], "rotation": 90, "texture": "#0"},
				"south": {"uv": [0, 0.5, 0.5, 0.25], "rotation": 90, "texture": "#0"},
				"west": {"uv": [0.5, 0.5, 0, 0.25], "rotation": 90, "texture": "#0"},
				"up": {"uv": [0.5, 0.5, 0.25, 0.25], "rotation": 90, "texture": "#0"},
				"down": {"uv": [0, 0.5, 0.25, 0.25], "rotation": 90, "texture": "#0"}
			}
		},
		{
			"from": [-10.18394, -7.5146, 8.47162],
			"to": [-9.26882, -6.59948, 9.15798],
			"rotation": {"angle": 0, "axis": "y", "origin": [-2.98826, 0.50312, 8.82716]},
			"faces": {
				"north": {"uv": [0.25, 0.25, 0, 0.5], "texture": "#0"},
				"east": {"uv": [0.25, 0.25, 0.5, 0.5], "texture": "#0"},
				"south": {"uv": [0.5, 0.25, 0.25, 0.5], "texture": "#0"},
				"west": {"uv": [0.25, 0.25, 0, 0.5], "texture": "#0"},
				"up": {"uv": [0, 0.5, 0.5, 0.25], "texture": "#0"},
				"down": {"uv": [0, 0.5, 0.5, 0.25], "texture": "#0"}
			}
		},
		{
			"name": "base",
			"from": [17.86112, 4.8074, 8.24468],
			"to": [19.27958, 8.3041, 9.89194],
			"rotation": {"angle": 22.5, "axis": "z", "origin": [18.68474, 8.14764, 9.0683]},
			"faces": {
				"north": {"uv": [4.5, 4, 5, 5.5], "rotation": 270, "texture": "#0"},
				"east": {"uv": [4, 4, 4.5, 5.5], "rotation": 90, "texture": "#0"},
				"south": {"uv": [4.5, 5.5, 5, 7], "rotation": 90, "texture": "#0"},
				"west": {"uv": [4, 5.5, 4.5, 7], "rotation": 90, "texture": "#0"},
				"up": {"uv": [4.5, 4, 4, 3.5], "rotation": 90, "texture": "#0"},
				"down": {"uv": [5, 3.5, 4.5, 4], "rotation": 90, "texture": "#0"}
			}
		},
		{
			"name": "base",
			"from": [18.86674, 1.82284, 8.29044],
			"to": [20.1937, 5.22802, 9.6174],
			"rotation": {"angle": -22.5, "axis": "z", "origin": [20.78854, 4.66934, 22.79532]},
			"faces": {
				"north": {"uv": [4.5, 6.25, 5, 7.75], "rotation": 270, "texture": "#0"},
				"east": {"uv": [4, 6.25, 4.5, 7.75], "rotation": 90, "texture": "#0"},
				"south": {"uv": [4.5, 4.25, 5, 5.75], "rotation": 90, "texture": "#0"},
				"west": {"uv": [4, 4.25, 4.5, 5.75], "rotation": 90, "texture": "#0"},
				"up": {"uv": [4.5, 6.25, 4, 5.75], "rotation": 90, "texture": "#0"},
				"down": {"uv": [5, 5.75, 4.5, 6.25], "rotation": 90, "texture": "#0"}
			}
		},
		{
			"name": "base",
			"from": [17.70468, 0.5905, 8.3362],
			"to": [18.9401, 3.90416, 9.57164],
			"rotation": {"angle": 22.5, "axis": "z", "origin": [20.49582, 4.0776, 22.56654]},
			"faces": {
				"north": {"uv": [4.5, 7, 5, 8.5], "rotation": 270, "texture": "#0"},
				"east": {"uv": [4, 7, 4.5, 8.5], "rotation": 90, "texture": "#0"},
				"south": {"uv": [4.5, 5, 5, 6.5], "rotation": 90, "texture": "#0"},
				"west": {"uv": [4, 5, 4.5, 6.5], "rotation": 90, "texture": "#0"},
				"up": {"uv": [4.5, 7, 4, 6.5], "rotation": 90, "texture": "#0"},
				"down": {"uv": [5, 6.5, 4.5, 7], "rotation": 90, "texture": "#0"}
			}
		},
		{
			"name": "base",
			"from": [20.89684, -2.71228, 8.35908],
			"to": [21.85772, 0.55562, 9.31996],
			"rotation": {"angle": -22.5, "axis": "z", "origin": [20.46214, 4.1837, 22.56654]},
			"faces": {
				"north": {"uv": [4.5, 4.5, 5, 6], "rotation": 270, "texture": "#0"},
				"east": {"uv": [4, 4.5, 4.5, 6], "rotation": 90, "texture": "#0"},
				"south": {"uv": [4.5, 6, 5, 7.5], "rotation": 90, "texture": "#0"},
				"west": {"uv": [4, 6, 4.5, 7.5], "rotation": 90, "texture": "#0"},
				"up": {"uv": [4.5, 4.5, 4, 4], "rotation": 90, "texture": "#0"},
				"down": {"uv": [5, 4, 4.5, 4.5], "rotation": 90, "texture": "#0"}
			}
		},
		{
			"name": "base",
			"from": [15.4915, -6.29512, 8.38196],
			"to": [16.40664, -3.07298, 9.2971],
			"rotation": {"angle": 22.5, "axis": "z", "origin": [15.03394, 4.2385, 22.56654]},
			"faces": {
				"north": {"uv": [4.5, 7, 5, 8.5], "rotation": 270, "texture": "#0"},
				"east": {"uv": [4, 7, 4.5, 8.5], "rotation": 90, "texture": "#0"},
				"south": {"uv": [4.5, 5, 5, 6.5], "rotation": 90, "texture": "#0"},
				"west": {"uv": [4, 5, 4.5, 6.5], "rotation": 90, "texture": "#0"},
				"up": {"uv": [4.5, 7, 4, 6.5], "rotation": 90, "texture": "#0"},
				"down": {"uv": [5, 6.5, 4.5, 7], "rotation": 90, "texture": "#0"}
			}
		},
		{
			"name": "base",
			"from": [23.72138, -8.50002, 8.38196],
			"to": [24.6365, -5.27788, 9.2971],
			"rotation": {"angle": -22.5, "axis": "z", "origin": [23.2638, 5.69416, 22.56654]},
			"faces": {
				"north": {"uv": [4.5, 4, 5, 5.5], "rotation": 270, "texture": "#0"},
				"east": {"uv": [4, 4, 4.5, 5.5], "rotation": 90, "texture": "#0"},
				"south": {"uv": [5, 5.5, 4.5, 7], "rotation": 90, "texture": "#0"},
				"west": {"uv": [4.5, 5.5, 4, 7], "rotation": 90, "texture": "#0"},
				"up": {"uv": [4.5, 7.5, 4, 7], "rotation": 90, "texture": "#0"},
				"down": {"uv": [5, 7, 4.5, 7.5], "rotation": 90, "texture": "#0"}
			}
		},
		{
			"name": "base",
			"from": [12.68986, -12.10576, 8.38196],
			"to": [13.60498, -8.8836, 9.2971],
			"rotation": {"angle": 22.5, "axis": "z", "origin": [12.2323, 5.74896, 22.56654]},
			"faces": {
				"north": {"uv": [4.5, 7, 5, 8.5], "rotation": 270, "texture": "#0"},
				"east": {"uv": [4, 7, 4.5, 8.5], "rotation": 90, "texture": "#0"},
				"south": {"uv": [4.5, 5.5, 5, 7], "rotation": 90, "texture": "#0"},
				"west": {"uv": [4, 5.5, 4.5, 7], "rotation": 90, "texture": "#0"},
				"up": {"uv": [4.5, 5.5, 4, 5], "rotation": 90, "texture": "#0"},
				"down": {"uv": [5, 5, 4.5, 5.5], "rotation": 90, "texture": "#0"}
			}
		},
		{
			"name": "base",
			"from": [19.53778, -9.21614, 8.38196],
			"to": [22.75992, -8.30102, 9.2971],
			"rotation": {"angle": 45, "axis": "z", "origin": [21.14886, -8.75858, 8.83952]},
			"faces": {
				"north": {"uv": [5.25, 2.75, 6, 3], "rotation": 270, "texture": "#0"},
				"east": {"uv": [5, 2.75, 5.25, 3], "rotation": 90, "texture": "#0"},
				"south": {"uv": [6.25, 2.75, 7, 3], "rotation": 90, "texture": "#0"},
				"west": {"uv": [6, 2.75, 6.25, 3], "rotation": 90, "texture": "#0"},
				"up": {"uv": [6, 2.75, 5.25, 2.5], "rotation": 90, "texture": "#0"},
				"down": {"uv": [6.75, 2.5, 6, 2.75], "rotation": 90, "texture": "#0"}
			}
		},
		{
			"name": "base",
			"from": [22.2956, -8.96044, 8.38196],
			"to": [25.51776, -8.0453, 9.2971],
			"rotation": {"angle": 22.5, "axis": "z", "origin": [20.24616, -8.50286, 8.83952]},
			"faces": {
				"north": {"uv": [5.25, 2.75, 6, 3], "rotation": 270, "texture": "#0"},
				"east": {"uv": [5, 2.75, 5.25, 3], "rotation": 90, "texture": "#0"},
				"south": {"uv": [6.25, 2.75, 7, 3], "rotation": 90, "texture": "#0"},
				"west": {"uv": [6, 2.75, 6.25, 3], "rotation": 90, "texture": "#0"},
				"up": {"uv": [6, 2.75, 5.25, 2.5], "rotation": 90, "texture": "#0"},
				"down": {"uv": [6.75, 2.5, 6, 2.75], "rotation": 90, "texture": "#0"}
			}
		},
		{
			"name": "base",
			"from": [23.02106, -6.85818, 8.38196],
			"to": [23.9362, -3.63604, 9.2971],
			"rotation": {"angle": 45, "axis": "z", "origin": [23.47862, -5.2471, 8.83952]},
			"faces": {
				"north": {"uv": [4.5, 4.25, 5, 5.75], "rotation": 270, "texture": "#0"},
				"east": {"uv": [4, 4.25, 4.5, 5.75], "rotation": 90, "texture": "#0"},
				"south": {"uv": [4.5, 5.75, 5, 7.25], "rotation": 90, "texture": "#0"},
				"west": {"uv": [4, 5.75, 4.5, 7.25], "rotation": 90, "texture": "#0"},
				"up": {"uv": [4.5, 4.25, 4, 3.75], "rotation": 90, "texture": "#0"},
				"down": {"uv": [5, 3.75, 4.5, 4.25], "rotation": 90, "texture": "#0"}
			}
		},
		{
			"name": "base",
			"from": [23.16174, -2.62216, 8.38196],
			"to": [26.3839, -1.70704, 9.2971],
			"rotation": {"angle": 45, "axis": "z", "origin": [24.77282, -4.91, 8.83952]},
			"faces": {
				"north": {"uv": [5.25, 2.75, 6, 3], "rotation": 270, "texture": "#0"},
				"east": {"uv": [5, 2.75, 5.25, 3], "rotation": 90, "texture": "#0"},
				"south": {"uv": [6.25, 2.75, 7, 3], "rotation": 90, "texture": "#0"},
				"west": {"uv": [6, 2.75, 6.25, 3], "rotation": 90, "texture": "#0"},
				"up": {"uv": [6, 2.75, 5.25, 2.5], "rotation": 90, "texture": "#0"},
				"down": {"uv": [6.75, 2.5, 6, 2.75], "rotation": 90, "texture": "#0"}
			}
		},
		{
			"name": "base",
			"from": [17.65562, 7.58854, 8.21724],
			"to": [19.81536, 9.0619, 9.91938],
			"rotation": {"angle": -45, "axis": "z", "origin": [18.73548, 9.35476, 9.0683]},
			"faces": {
				"north": {"uv": [3.25, 2.25, 3.75, 2.5], "rotation": 270, "texture": "#0"},
				"east": {"uv": [3, 2.25, 3.25, 2.5], "rotation": 90, "texture": "#0"},
				"south": {"uv": [4, 2.25, 4.5, 2.5], "rotation": 90, "texture": "#0"},
				"west": {"uv": [3.75, 2.25, 4, 2.5], "rotation": 90, "texture": "#0"},
				"up": {"uv": [3.75, 2.25, 3.25, 2], "rotation": 90, "texture": "#0"},
				"down": {"uv": [4.25, 2, 3.75, 2.25], "rotation": 90, "texture": "#0"}
			}
		},
		{
			"name": "base",
			"from": [16.399, 7.86736, 8.10742],
			"to": [17.40566, 9.78914, 10.0292],
			"rotation": {"angle": -22.5, "axis": "z", "origin": [17.58868, 8.37068, 10.89858]},
			"faces": {
				"north": {"uv": [3.5, 1.5, 3.75, 2], "rotation": 270, "texture": "#0"},
				"east": {"uv": [3, 1.5, 3.5, 2], "rotation": 90, "texture": "#0"},
				"south": {"uv": [4.25, 1.5, 4.5, 2], "rotation": 90, "texture": "#0"},
				"west": {"uv": [3.75, 1.5, 4.25, 2], "rotation": 90, "texture": "#0"},
				"up": {"uv": [3.75, 1.5, 3.5, 1], "rotation": 90, "texture": "#0"},
				"down": {"uv": [4, 1, 3.75, 1.5], "rotation": 90, "texture": "#0"}
			}
		},
		{
			"name": "base",
			"from": [13.01304, 9.59168, 7.6956],
			"to": [16.67356, 12.33708, 10.44102],
			"rotation": {"angle": -22.5, "axis": "z", "origin": [12.30056, 9.95178, 9.0683]},
			"faces": {
				"north": {"uv": [1.25, 0.75, 2.25, 1.5], "rotation": 270, "texture": "#0"},
				"east": {"uv": [0, 0.75, 1.25, 1.5], "rotation": 90, "texture": "#0"},
				"south": {"uv": [3, 0.75, 4, 1.5], "rotation": 90, "texture": "#0"},
				"west": {"uv": [2.25, 0.75, 3, 1.5], "rotation": 90, "texture": "#0"},
				"up": {"uv": [1.75, 0.75, 0.75, 0], "rotation": 90, "texture": "#0"},
				"down": {"uv": [2.75, 0, 1.75, 0.75], "rotation": 90, "texture": "#0"}
			}
		},
		{
			"name": "base",
			"from": [11.28798, 8.834, 8.15318],
			"to": [13.11824, 9.74914, 9.98344],
			"rotation": {"angle": -45, "axis": "z", "origin": [12.30056, 8.12152, 9.0683]},
			"faces": {
				"north": {"uv": [3.25, 0.5, 3.75, 0.75], "texture": "#0"},
				"east": {"uv": [2.75, 0.5, 3.25, 0.75], "texture": "#0"},
				"south": {"uv": [4.25, 0.5, 4.75, 0.75], "texture": "#0"},
				"west": {"uv": [3.75, 0.5, 4.25, 0.75], "texture": "#0"},
				"up": {"uv": [3.75, 0.5, 3.25, 0], "texture": "#0"},
				"down": {"uv": [4.25, 0, 3.75, 0.5], "texture": "#0"}
			}
		},
		{
			"name": "HairTie",
			"from": [11.74554, 7.2325, 8.61074],
			"to": [12.66066, 9.06278, 9.52588],
			"rotation": {"angle": -45, "axis": "z", "origin": [12.30056, 8.12152, 9.0683]},
			"faces": {
				"north": {"uv": [3, 2.75, 3.25, 3.25], "texture": "#0"},
				"east": {"uv": [3.5, 2.75, 3.75, 3], "texture": "#0"},
				"south": {"uv": [3.5, 2.75, 3.75, 3.25], "texture": "#0"},
				"west": {"uv": [3.25, 2.75, 3.5, 3.25], "texture": "#0"},
				"up": {"uv": [3.75, 2.75, 4, 3.25], "texture": "#0"},
				"down": {"uv": [3.25, 2.75, 3.75, 2.5], "texture": "#0"}
			}
		},
		{
			"from": [17.2702, 1.56516, 8.38196],
			"to": [18.18534, 2.4803, 9.0683],
			"rotation": {"angle": -45, "axis": "z", "origin": [18.18534, 2.25152, 8.95392]},
			"faces": {
				"north": {"uv": [0, 0, 0.5, 0.25], "texture": "#0"},
				"east": {"uv": [0, 0, 0.25, 0.25], "texture": "#0"},
				"south": {"uv": [0, 0, 0.25, 0.25], "texture": "#0"},
				"west": {"uv": [0.5, 0, 0.25, 0.25], "texture": "#0"},
				"up": {"uv": [0.5, 0, 0, 0], "texture": "#0"},
				"down": {"uv": [0.5, 0, 0, 0], "texture": "#0"}
			}
		},
		{
			"from": [17.46514, 2.65684, 8.61074],
			"to": [18.38026, 3.57198, 9.2971],
			"rotation": {"angle": 45, "axis": "z", "origin": [17.92268, 2.88562, 8.95392]},
			"faces": {
				"north": {"uv": [0, 0, 0.5, 0.25], "texture": "#0"},
				"east": {"uv": [0, 0, 0.25, 0.25], "texture": "#0"},
				"south": {"uv": [0, 0, 0.25, 0.25], "texture": "#0"},
				"west": {"uv": [0.5, 0, 0.25, 0.25], "texture": "#0"},
				"up": {"uv": [0.5, 0, 0, 0], "texture": "#0"},
				"down": {"uv": [0.5, 0, 0, 0], "texture": "#0"}
			}
		},
		{
			"from": [17.92268, 2.42806, 8.15318],
			"to": [19.75296, 3.34318, 9.75466],
			"rotation": {"angle": 0, "axis": "y", "origin": [1.2215, 0.369, 0.37452]},
			"faces": {
				"north": {"uv": [4.25, 1, 4.75, 1.25], "texture": "#0"},
				"east": {"uv": [4, 1, 4.25, 1.25], "texture": "#0"},
				"south": {"uv": [5, 1, 5.5, 1.25], "texture": "#0"},
				"west": {"uv": [4.75, 1, 5, 1.25], "texture": "#0"},
				"up": {"uv": [4.75, 1, 4.25, 0.75], "texture": "#0"},
				"down": {"uv": [5.25, 0.75, 4.75, 1], "texture": "#0"}
			}
		},
		{
			"from": [19.75296, 2.65684, 8.61074],
			"to": [20.6681, 3.57198, 9.2971],
			"rotation": {"angle": 22.5, "axis": "z", "origin": [20.21052, 2.88562, 8.95392]},
			"faces": {
				"north": {"uv": [0, 0, 0.5, 0.25], "texture": "#0"},
				"east": {"uv": [0, 0, 0.25, 0.25], "texture": "#0"},
				"south": {"uv": [0, 0, 0.25, 0.25], "texture": "#0"},
				"west": {"uv": [0.25, 0, 0.5, 0.25], "texture": "#0"},
				"up": {"uv": [0.5, 0, 0, 0], "texture": "#0"},
				"down": {"uv": [0.5, 0, 0, 0.25], "texture": "#0"}
			}
		},
		{
			"from": [19.55804, 1.56516, 8.38196],
			"to": [20.47318, 2.4803, 9.0683],
			"rotation": {"angle": -45, "axis": "z", "origin": [20.47318, 2.25152, 8.95392]},
			"faces": {
				"north": {"uv": [0, 0, 0.5, 0.25], "texture": "#0"},
				"east": {"uv": [0, 0, 0.25, 0.25], "texture": "#0"},
				"south": {"uv": [0, 0, 0.25, 0.25], "texture": "#0"},
				"west": {"uv": [0.5, 0, 0.25, 0.25], "texture": "#0"},
				"up": {"uv": [0.5, 0, 0, 0], "texture": "#0"},
				"down": {"uv": [0.5, 0, 0, 0.25], "texture": "#0"}
			}
		},
		{
			"from": [17.2702, -8.86884, 8.38196],
			"to": [18.18534, -7.9537, 9.0683],
			"rotation": {"angle": -45, "axis": "z", "origin": [18.18534, -8.18248, 8.95392]},
			"faces": {
				"north": {"uv": [0, 0, 0.5, 0.25], "texture": "#0"},
				"east": {"uv": [0, 0, 0.25, 0.25], "texture": "#0"},
				"south": {"uv": [0, 0, 0.25, 0.25], "texture": "#0"},
				"west": {"uv": [0.5, 0, 0.25, 0.25], "texture": "#0"},
				"up": {"uv": [0.5, 0, 0, 0], "texture": "#0"},
				"down": {"uv": [0.5, 0, 0, 0], "texture": "#0"}
			}
		},
		{
			"from": [17.46514, -7.77716, 8.61074],
			"to": [18.38026, -6.86202, 9.2971],
			"rotation": {"angle": 45, "axis": "z", "origin": [17.92268, -7.54838, 8.95392]},
			"faces": {
				"north": {"uv": [0, 0, 0.5, 0.25], "texture": "#0"},
				"east": {"uv": [0, 0, 0.25, 0.25], "texture": "#0"},
				"south": {"uv": [0, 0, 0.25, 0.25], "texture": "#0"},
				"west": {"uv": [0.5, 0, 0.25, 0.25], "texture": "#0"},
				"up": {"uv": [0.5, 0, 0, 0], "texture": "#0"},
				"down": {"uv": [0.5, 0, 0, 0], "texture": "#0"}
			}
		},
		{
			"from": [17.92268, -8.00594, 8.15318],
			"to": [19.75296, -7.09082, 9.75466],
			"rotation": {"angle": 0, "axis": "y", "origin": [1.2215, -10.065, 0.37452]},
			"faces": {
				"north": {"uv": [4.25, 1, 4.75, 1.25], "texture": "#0"},
				"east": {"uv": [4, 1, 4.25, 1.25], "texture": "#0"},
				"south": {"uv": [5, 1, 5.5, 1.25], "texture": "#0"},
				"west": {"uv": [4.75, 1, 5, 1.25], "texture": "#0"},
				"up": {"uv": [4.75, 1, 4.25, 0.75], "texture": "#0"},
				"down": {"uv": [5.25, 0.75, 4.75, 1], "texture": "#0"}
			}
		},
		{
			"from": [19.75296, -7.77716, 8.61074],
			"to": [20.6681, -6.86202, 9.2971],
			"rotation": {"angle": 22.5, "axis": "z", "origin": [20.21052, -7.54838, 8.95392]},
			"faces": {
				"north": {"uv": [0, 0, 0.5, 0.25], "texture": "#0"},
				"east": {"uv": [0, 0, 0.25, 0.25], "texture": "#0"},
				"south": {"uv": [0, 0, 0.25, 0.25], "texture": "#0"},
				"west": {"uv": [0.25, 0, 0.5, 0.25], "texture": "#0"},
				"up": {"uv": [0.5, 0, 0, 0], "texture": "#0"},
				"down": {"uv": [0.5, 0, 0, 0.25], "texture": "#0"}
			}
		},
		{
			"from": [19.55804, -8.86884, 8.38196],
			"to": [20.47318, -7.9537, 9.0683],
			"rotation": {"angle": -45, "axis": "z", "origin": [20.47318, -8.18248, 8.95392]},
			"faces": {
				"north": {"uv": [0, 0, 0.5, 0.25], "texture": "#0"},
				"east": {"uv": [0, 0, 0.25, 0.25], "texture": "#0"},
				"south": {"uv": [0, 0, 0.25, 0.25], "texture": "#0"},
				"west": {"uv": [0.5, 0, 0.25, 0.25], "texture": "#0"},
				"up": {"uv": [0.5, 0, 0, 0], "texture": "#0"},
				"down": {"uv": [0.5, 0, 0, 0.25], "texture": "#0"}
			}
		},
		{
			"from": [17.2702, -3.92564, 8.38196],
			"to": [18.18534, -3.0105, 9.0683],
			"rotation": {"angle": -45, "axis": "z", "origin": [18.18534, -3.2393, 8.95392]},
			"faces": {
				"north": {"uv": [0, 0.25, 0.5, 0.5], "texture": "#0"},
				"east": {"uv": [0.25, 0.25, 0, 0.5], "texture": "#0"},
				"south": {"uv": [0, 0.25, 0.5, 0.5], "texture": "#0"},
				"west": {"uv": [0.5, 0.25, 0.25, 0.5], "texture": "#0"},
				"up": {"uv": [0.5, 0.5, 0, 0.5], "texture": "#0"},
				"down": {"uv": [0.5, 0.5, 0, 0.25], "texture": "#0"}
			}
		},
		{
			"from": [17.46514, -2.83396, 8.61074],
			"to": [18.38026, -1.91884, 9.2971],
			"rotation": {"angle": 45, "axis": "z", "origin": [17.92268, -2.60518, 8.95392]},
			"faces": {
				"north": {"uv": [0, 0.25, 0.5, 0.5], "texture": "#0"},
				"east": {"uv": [0.25, 0.25, 0, 0.5], "texture": "#0"},
				"south": {"uv": [0, 0.25, 0.5, 0.5], "texture": "#0"},
				"west": {"uv": [0.25, 0.25, 0.5, 0.5], "texture": "#0"},
				"up": {"uv": [0.5, 0.25, 0, 0.5], "texture": "#0"},
				"down": {"uv": [0.5, 0.5, 0.25, 0.25], "texture": "#0"}
			}
		},
		{
			"from": [17.92268, -3.06276, 8.15318],
			"to": [19.75296, -2.14762, 9.75466],
			"rotation": {"angle": 0, "axis": "y", "origin": [1.2215, -5.1218, 0.37452]},
			"faces": {
				"north": {"uv": [5.75, 1, 6.25, 1.25], "texture": "#0"},
				"east": {"uv": [5.5, 1, 5.75, 1.25], "texture": "#0"},
				"south": {"uv": [6.5, 1, 7, 1.25], "texture": "#0"},
				"west": {"uv": [6.25, 1, 6.5, 1.25], "texture": "#0"},
				"up": {"uv": [6.25, 1, 5.75, 0.75], "texture": "#0"},
				"down": {"uv": [6.75, 0.75, 6.25, 1], "texture": "#0"}
			}
		},
		{
			"from": [19.55804, -3.92564, 8.38196],
			"to": [20.47318, -3.0105, 9.0683],
			"rotation": {"angle": -45, "axis": "z", "origin": [20.47318, -3.2393, 8.95392]},
			"faces": {
				"north": {"uv": [0, 0.25, 0.5, 0.5], "texture": "#0"},
				"east": {"uv": [0, 0.25, 0.25, 0.5], "texture": "#0"},
				"south": {"uv": [0, 0.25, 0.5, 0.5], "texture": "#0"},
				"west": {"uv": [0.5, 0.25, 0.25, 0.5], "texture": "#0"},
				"up": {"uv": [0.5, 0.25, 0, 0.5], "texture": "#0"},
				"down": {"uv": [0.5, 0.25, 0, 0.5], "texture": "#0"}
			}
		},
		{
			"from": [19.75296, -2.83396, 8.61074],
			"to": [20.6681, -1.91884, 9.2971],
			"rotation": {"angle": 22.5, "axis": "z", "origin": [20.21052, -2.60518, 8.95392]},
			"faces": {
				"north": {"uv": [0, 0.25, 0.25, 0.5], "texture": "#0"},
				"east": {"uv": [0, 0.25, 0.25, 0.5], "texture": "#0"},
				"south": {"uv": [0.25, 0.25, 0.5, 0.5], "texture": "#0"},
				"west": {"uv": [0.5, 0.25, 0.25, 0.5], "texture": "#0"},
				"up": {"uv": [0.5, 0.5, 0, 0.25], "texture": "#0"},
				"down": {"uv": [0.5, 0.5, 0, 0.25], "texture": "#0"}
			}
		},
		{
			"from": [22.92036, -6.75192, 8.24284],
			"to": [23.8355, -5.83678, 8.92918],
			"rotation": {"angle": 22.5, "axis": "z", "origin": [24.4763, -6.90926, 8.7004]},
			"faces": {
				"north": {"uv": [0, 0.25, 0.5, 0.5], "rotation": 270, "texture": "#0"},
				"east": {"uv": [0.5, 0.5, 0, 0.5], "rotation": 90, "texture": "#0"},
				"south": {"uv": [0, 0.25, 0.5, 0.5], "rotation": 90, "texture": "#0"},
				"west": {"uv": [0.5, 0.5, 0, 0.25], "rotation": 90, "texture": "#0"},
				"up": {"uv": [0.5, 0.25, 0.25, 0.5], "rotation": 90, "texture": "#0"},
				"down": {"uv": [0.25, 0.25, 0, 0.5], "rotation": 90, "texture": "#0"}
			}
		},
		{
			"from": [23.41182, -6.34658, 8.47162],
			"to": [24.32694, -5.43146, 9.15798],
			"rotation": {"angle": 22.5, "axis": "z", "origin": [24.4763, -6.90926, 8.7004]},
			"faces": {
				"north": {"uv": [0, 0.25, 0.5, 0.5], "texture": "#0"},
				"east": {"uv": [0.25, 0.25, 0, 0.5], "texture": "#0"},
				"south": {"uv": [0, 0.25, 0.5, 0.5], "texture": "#0"},
				"west": {"uv": [0.25, 0.25, 0.5, 0.5], "texture": "#0"},
				"up": {"uv": [0.5, 0.25, 0, 0.5], "texture": "#0"},
				"down": {"uv": [0.5, 0.5, 0.25, 0.25], "texture": "#0"}
			}
		},
		{
			"from": [23.48748, -7.23636, 8.01406],
			"to": [25.31776, -6.32122, 9.61554],
			"rotation": {"angle": -22.5, "axis": "z", "origin": [24.4763, -6.90926, 8.7004]},
			"faces": {
				"north": {"uv": [5.75, 1, 6.25, 1.25], "texture": "#0"},
				"east": {"uv": [5.5, 1, 5.75, 1.25], "texture": "#0"},
				"south": {"uv": [6.5, 1, 7, 1.25], "texture": "#0"},
				"west": {"uv": [6.25, 1, 6.5, 1.25], "texture": "#0"},
				"up": {"uv": [6.25, 1, 5.75, 0.75], "texture": "#0"},
				"down": {"uv": [6.75, 0.75, 6.25, 1], "texture": "#0"}
			}
		},
		{
			"from": [24.5381, -8.36966, 8.24284],
			"to": [25.45324, -7.45452, 8.92918],
			"rotation": {"angle": 22.5, "axis": "z", "origin": [24.4763, -6.90926, 8.7004]},
			"faces": {
				"north": {"uv": [0, 0.25, 0.5, 0.5], "rotation": 270, "texture": "#0"},
				"east": {"uv": [0.5, 0.25, 0, 0.5], "rotation": 90, "texture": "#0"},
				"south": {"uv": [0, 0.25, 0.5, 0.5], "rotation": 90, "texture": "#0"},
				"west": {"uv": [0.5, 0.25, 0, 0.5], "rotation": 90, "texture": "#0"},
				"up": {"uv": [0.5, 0.25, 0.25, 0.5], "rotation": 90, "texture": "#0"},
				"down": {"uv": [0, 0.25, 0.25, 0.5], "rotation": 90, "texture": "#0"}
			}
		},
		{
			"from": [25.26882, -7.5146, 8.47162],
			"to": [26.18394, -6.59948, 9.15798],
			"rotation": {"angle": 0, "axis": "y", "origin": [24.4763, -6.90926, 8.7004]},
			"faces": {
				"north": {"uv": [0, 0.25, 0.25, 0.5], "texture": "#0"},
				"east": {"uv": [0, 0.25, 0.25, 0.5], "texture": "#0"},
				"south": {"uv": [0.25, 0.25, 0.5, 0.5], "texture": "#0"},
				"west": {"uv": [0.5, 0.25, 0.25, 0.5], "texture": "#0"},
				"up": {"uv": [0.5, 0.5, 0, 0.25], "texture": "#0"},
				"down": {"uv": [0.5, 0.5, 0, 0.25], "texture": "#0"}
			}
		}
	],
	"gui_light": "front",
	"display": {
		"thirdperson_righthand": {
			"rotation": [-180, 180, 180],
			"scale": [0.5, 0.5, 0.5]
		},
		"thirdperson_lefthand": {
			"rotation": [-180, 180, 180],
			"scale": [0.5, 0.5, 0.5]
		},
		"firstperson_righthand": {
			"rotation": [0, 135, 0],
			"translation": [0, 5, 0],
			"scale": [0.5, 0.5, 0.5]
		},
		"firstperson_lefthand": {
			"rotation": [0, 135, 0],
			"translation": [0, 5, 0],
			"scale": [0.5, 0.5, 0.5]
		},
		"ground": {
			"translation": [0, 2, 0],
			"scale": [0.5, 0.5, 0.5]
		},
		"gui": {
			"rotation": [15, 165, 0],
			"translation": [0, 4, 0]
		},
		"head": {
			"translation": [0, 6.4, 0],
			"scale": [1.6, 1.6, 1.6]
		},
		"fixed": {
			"translation": [0, 4, -3]
		}
	},
	"groups": [
		0,
		1,
		2,
		3,
		4,
		{
			"name": "HairLeft",
			"origin": [4, 0, 4],
			"color": 0,
			"children": [
				{
					"name": "Hair",
					"origin": [11.09126, 18.07153, 8.7679],
					"color": 0,
					"children": [5, 6, 7, 8, 9, 10, 11, 12, 13, 14, 15, 16, 17, 18, 19]
				},
				20,
				{
					"name": "BowsGreen",
					"origin": [21.03701, 2.05709, 9.375],
					"color": 0,
					"children": [
						{
							"name": "BowGreen",
							"origin": [16.96577, 13.85215, 8.68568],
							"color": 0,
							"children": [21, 22, 23, 24, 25]
						},
						{
							"name": "BowGreen",
							"origin": [16.96577, 13.85215, 8.68568],
							"color": 0,
							"children": [26, 27, 28, 29, 30]
						}
					]
				},
				{
					"name": "BowsPink",
					"origin": [21.03701, 2.05709, 9.375],
					"color": 0,
					"children": [
						{
							"name": "BowPink",
							"origin": [16.77697, 10.36114, 8.68568],
							"color": 0,
							"children": [31, 32, 33, 34, 35]
						},
						{
							"name": "BowPink",
							"origin": [16.77697, 10.36114, 8.68568],
							"color": 0,
							"children": [36, 37, 38, 39, 40]
						}
					]
				}
			]
		},
		{
			"name": "HairRight",
			"origin": [4, 0, 4],
			"color": 0,
			"children": [
				{
					"name": "Hair",
					"origin": [11.09126, 18.07153, 8.7679],
					"color": 0,
					"children": [41, 42, 43, 44, 45, 46, 47, 48, 49, 50, 51, 52, 53, 54, 55]
				},
				56,
				{
					"name": "BowsGreen",
					"origin": [21.03701, 2.05709, 9.375],
					"color": 0,
					"children": [
						{
							"name": "BowGreen",
							"origin": [16.96577, 13.85215, 8.68568],
							"color": 0,
							"children": [57, 58, 59, 60, 61]
						},
						{
							"name": "BowGreen",
							"origin": [16.96577, 13.85215, 8.68568],
							"color": 0,
							"children": [62, 63, 64, 65, 66]
						}
					]
				},
				{
					"name": "BowsPink",
					"origin": [21.03701, 2.05709, 9.375],
					"color": 0,
					"children": [
						{
							"name": "BowPink",
							"origin": [16.77697, 10.36114, 8.68568],
							"color": 0,
							"children": [67, 68, 69, 70, 71]
						},
						{
							"name": "BowPink",
							"origin": [16.77697, 10.36114, 8.68568],
							"color": 0,
							"children": [72, 73, 74, 75, 76]
						}
					]
				}
			]
		}
	]
}