{
	"credit": "Made with Blockbench",
	"texture_size": [64, 64],
	"textures": {
		"0": "lifeseries:item/hats/wizardhat",
		"1": "lifeseries:item/hats/placeholder",
		"particle": "lifeseries:item/hats/placeholder"
	},
	"elements": [
		{
			"from": [2, 6, -0.75],
			"to": [14, 6, 2],
			"rotation": {"angle": -22.5, "axis": "x", "origin": [8, 6, 2]},
			"faces": {
				"north": {"uv": [9, 5.5, 12, 5.5], "texture": "#0", "tintindex": 0},
				"east": {"uv": [7.75, 1.25, 8.5, 1.25], "texture": "#0", "tintindex": 0},
				"south": {"uv": [9, 5.75, 12, 5.75], "texture": "#0", "tintindex": 0},
				"west": {"uv": [7.75, 1.5, 8.5, 1.5], "texture": "#0", "tintindex": 0},
				"up": {"uv": [8.75, 2.75, 5.75, 2], "texture": "#0", "tintindex": 0},
				"down": {"uv": [8.75, 3, 5.75, 3.75], "texture": "#0", "tintindex": 0}
			}
		},
		{
			"from": [2, 6, 14],
			"to": [14, 6, 16.75],
			"rotation": {"angle": 22.5, "axis": "x", "origin": [8, 6, 14]},
			"faces": {
				"north": {"uv": [9.25, 8.5, 12.25, 8.5], "texture": "#0", "tintindex": 0},
				"east": {"uv": [7.75, 1.75, 8.5, 1.75], "texture": "#0", "tintindex": 0},
				"south": {"uv": [9.25, 8.75, 12.25, 8.75], "texture": "#0", "tintindex": 0},
				"west": {"uv": [5.75, 9.25, 6.5, 9.25], "texture": "#0", "tintindex": 0},
				"up": {"uv": [8.75, 4.75, 5.75, 4], "texture": "#0", "tintindex": 0},
				"down": {"uv": [8.75, 5, 5.75, 5.75], "texture": "#0", "tintindex": 0}
			}
		},
		{
			"from": [-0.75, 6, 2],
			"to": [2, 6, 14],
			"rotation": {"angle": 22.5, "axis": "z", "origin": [2, 6, 8]},
			"faces": {
				"north": {"uv": [9.25, 9, 10, 9], "texture": "#0", "tintindex": 0},
				"east": {"uv": [9.25, 9.25, 12.25, 9.25], "texture": "#0", "tintindex": 0},
				"south": {"uv": [5.75, 9.5, 6.5, 9.5], "texture": "#0", "tintindex": 0},
				"west": {"uv": [9.25, 9.5, 12.25, 9.5], "texture": "#0", "tintindex": 0},
				"up": {"uv": [4, 9, 3.25, 6], "texture": "#0", "tintindex": 0},
				"down": {"uv": [5, 6, 4.25, 9], "texture": "#0", "tintindex": 0}
			}
		},
		{
			"from": [14, 6, 2],
			"to": [16.75, 6, 14],
			"rotation": {"angle": -22.5, "axis": "z", "origin": [14, 6, 8]},
			"faces": {
				"north": {"uv": [9.75, 0, 10.5, 0], "texture": "#0", "tintindex": 0},
				"east": {"uv": [9.75, 0.25, 12.75, 0.25], "texture": "#0", "tintindex": 0},
				"south": {"uv": [9.75, 0.5, 10.5, 0.5], "texture": "#0", "tintindex": 0},
				"west": {"uv": [9.75, 0.75, 12.75, 0.75], "texture": "#0", "tintindex": 0},
				"up": {"uv": [6, 9, 5.25, 6], "texture": "#0", "tintindex": 0},
				"down": {"uv": [7, 6, 6.25, 9], "texture": "#0", "tintindex": 0}
			}
		},
		{
			"from": [2, 6, -0.75],
			"to": [14, 6, 2],
			"rotation": {"angle": -22.5, "axis": "x", "origin": [8, 6, 2]},
			"faces": {
				"north": {"uv": [9, 5.5, 12, 5.5], "texture": "#0", "tintindex": 0},
				"east": {"uv": [7.75, 1.25, 8.5, 1.25], "texture": "#0", "tintindex": 0},
				"south": {"uv": [9, 5.75, 12, 5.75], "texture": "#0", "tintindex": 0},
				"west": {"uv": [7.75, 1.5, 8.5, 1.5], "texture": "#0", "tintindex": 0},
				"up": {"uv": [15.25, 9.75, 12.25, 9], "texture": "#0"},
				"down": {"uv": [15.25, 10, 12.25, 10.75], "texture": "#0"}
			}
		},
		{
			"from": [14, 6, 2],
			"to": [16.75, 6, 14],
			"rotation": {"angle": -22.5, "axis": "z", "origin": [14, 6, 8]},
			"faces": {
				"north": {"uv": [9.75, 0, 10.5, 0], "texture": "#0", "tintindex": 0},
				"east": {"uv": [9.75, 0.25, 12.75, 0.25], "texture": "#0", "tintindex": 0},
				"south": {"uv": [9.75, 0.5, 10.5, 0.5], "texture": "#0", "tintindex": 0},
				"west": {"uv": [9.75, 0.75, 12.75, 0.75], "texture": "#0", "tintindex": 0},
				"up": {"uv": [12.5, 16, 11.75, 13], "texture": "#0"},
				"down": {"uv": [13.5, 13, 12.75, 16], "texture": "#0"}
			}
		},
		{
			"from": [-0.75, 6, 2],
			"to": [2, 6, 14],
			"rotation": {"angle": 22.5, "axis": "z", "origin": [2, 6, 8]},
			"faces": {
				"north": {"uv": [9.25, 9, 10, 9], "texture": "#0", "tintindex": 0},
				"east": {"uv": [9.25, 9.25, 12.25, 9.25], "texture": "#0", "tintindex": 0},
				"south": {"uv": [5.75, 9.5, 6.5, 9.5], "texture": "#0", "tintindex": 0},
				"west": {"uv": [9.25, 9.5, 12.25, 9.5], "texture": "#0", "tintindex": 0},
				"up": {"uv": [10.5, 16, 9.75, 13], "texture": "#0"},
				"down": {"uv": [11.5, 13, 10.75, 16], "texture": "#0"}
			}
		},
		{
			"from": [2, 6, 14],
			"to": [14, 6, 16.75],
			"rotation": {"angle": 22.5, "axis": "x", "origin": [8, 6, 14]},
			"faces": {
				"north": {"uv": [9.25, 8.5, 12.25, 8.5], "texture": "#0", "tintindex": 0},
				"east": {"uv": [7.75, 1.75, 8.5, 1.75], "texture": "#0", "tintindex": 0},
				"south": {"uv": [9.25, 8.75, 12.25, 8.75], "texture": "#0", "tintindex": 0},
				"west": {"uv": [5.75, 9.25, 6.5, 9.25], "texture": "#0", "tintindex": 0},
				"up": {"uv": [15.25, 11.75, 12.25, 11], "texture": "#0"},
				"down": {"uv": [15.25, 12, 12.25, 12.75], "texture": "#0"}
			}
		},
		{
			"from": [2, 6, 2],
			"to": [14, 6, 14],
			"rotation": {"angle": 0, "axis": "y", "origin": [8, 6, 8.125]},
			"faces": {
				"north": {"uv": [9.75, 1, 12.75, 1], "texture": "#0", "tintindex": 0},
				"east": {"uv": [5.75, 9.75, 8.75, 9.75], "texture": "#0", "tintindex": 0},
				"south": {"uv": [9.75, 6, 12.75, 6], "texture": "#0", "tintindex": 0},
				"west": {"uv": [9.75, 6.25, 12.75, 6.25], "texture": "#0", "tintindex": 0},
				"up": {"uv": [3, 3, 0, 0], "texture": "#0", "tintindex": 0},
				"down": {"uv": [3, 3.25, 0, 6.25], "texture": "#0", "tintindex": 0}
			}
		},
		{
			"from": [3.5, 6, 3.5],
			"to": [12.5, 10, 12.5],
			"rotation": {"angle": 0, "axis": "y", "origin": [0, 1, 0]},
			"faces": {
				"north": {"uv": [0, 6.5, 2.25, 7.5], "texture": "#0", "tintindex": 0},
				"east": {"uv": [7.25, 6, 9.5, 7], "texture": "#0", "tintindex": 0},
				"south": {"uv": [7.25, 7.25, 9.5, 8.25], "texture": "#0", "tintindex": 0},
				"west": {"uv": [0, 7.75, 2.25, 8.75], "texture": "#0", "tintindex": 0},
				"up": {"uv": [5.5, 2.25, 3.25, 0], "texture": "#0", "tintindex": 0}
			}
		},
		{
			"from": [3.5, 6, 3.5],
			"to": [12.5, 10, 12.5],
			"rotation": {"angle": 0, "axis": "y", "origin": [0, 1, 0]},
			"faces": {
				"north": {"uv": [6.5, 13.5, 8.75, 14.5], "texture": "#0"},
				"east": {"uv": [13.75, 13, 16, 14], "texture": "#0"},
				"south": {"uv": [13.75, 14.25, 16, 15.25], "texture": "#0"},
				"west": {"uv": [6.5, 14.75, 8.75, 15.75], "texture": "#0"},
				"up": {"uv": [0, 16, 0, 16], "texture": "#0"}
			}
		},
		{
			"from": [4.5, 10, 4.5],
			"to": [11.5, 14, 11.5],
			"rotation": {"angle": 0, "axis": "y", "origin": [0, 1, 0]},
			"faces": {
				"north": {"uv": [7.75, 0, 9.5, 1], "texture": "#0", "tintindex": 0},
				"east": {"uv": [7.25, 8.5, 9, 9.5], "texture": "#0", "tintindex": 0},
				"south": {"uv": [0, 9, 1.75, 10], "texture": "#0", "tintindex": 0},
				"west": {"uv": [9, 1.25, 10.75, 2.25], "texture": "#0", "tintindex": 0},
				"up": {"uv": [7.5, 1.75, 5.75, 0], "texture": "#0", "tintindex": 0}
			}
		},
		{
			"from": [6, 13, 7],
			"to": [10, 18, 11],
			"rotation": {"angle": 22.5, "axis": "x", "origin": [8, 16.5, 8]},
			"faces": {
				"north": {"uv": [2, 9, 3, 10.25], "texture": "#0", "tintindex": 0},
				"east": {"uv": [9, 2.5, 10, 3.75], "texture": "#0", "tintindex": 0},
				"south": {"uv": [9, 4, 10, 5.25], "texture": "#0", "tintindex": 0},
				"west": {"uv": [3.25, 9.25, 4.25, 10.5], "texture": "#0", "tintindex": 0},
				"up": {"uv": [5.5, 10.25, 4.5, 9.25], "texture": "#0", "tintindex": 0}
			}
		},
		{
			"from": [8, 14, 8.5],
			"to": [8, 20, 17.5],
			"rotation": {"angle": 22.5, "axis": "x", "origin": [8, 16.5, 8]},
			"faces": {
				"north": {"uv": [2.5, 6.5, 2.5, 8], "texture": "#0"},
				"east": {"uv": [3.25, 2.5, 5.5, 4], "texture": "#0", "tintindex": 0},
				"south": {"uv": [2.75, 6.5, 2.75, 8], "texture": "#0"},
				"west": {"uv": [3.25, 4.25, 5.5, 5.75], "texture": "#0", "tintindex": 0},
				"up": {"uv": [3, 8.75, 3, 6.5], "texture": "#0"}
			}
		},
		{
			"name": "Head-Stand-in",
			"from": [4.5, 0.5, 4.5],
			"to": [11.5, 7.5, 11.5],
			"rotation": {"angle": 0, "axis": "x", "origin": [8, 0, 8]},
			"faces": {
				"north": {"uv": [4, 4, 8, 8], "texture": "#1"},
				"east": {"uv": [0, 4, 4, 8], "texture": "#1"},
				"south": {"uv": [12, 4, 16, 8], "texture": "#1"},
				"west": {"uv": [8, 4, 12, 8], "texture": "#1"},
				"up": {"uv": [4, 0, 8, 4], "texture": "#1"},
				"down": {"uv": [8, 0, 12, 4], "texture": "#1"}
			}
		}
	],
	"display": {
		"thirdperson_righthand": {
			"rotation": [-180, 180, 180],
			"scale": [0.5, 0.5, 0.5]
		},
		"thirdperson_lefthand": {
			"rotation": [-180, 180, 180],
			"scale": [0.5, 0.5, 0.5]
		},
		"firstperson_righthand": {
			"rotation": [0, 135, 0],
			"translation": [0, 5, 0],
			"scale": [0.5, 0.5, 0.5]
		},
		"firstperson_lefthand": {
			"rotation": [0, 135, 0],
			"translation": [0, 5, 0],
			"scale": [0.5, 0.5, 0.5]
		},
		"ground": {
			"translation": [0, 2, 0],
			"scale": [0.5, 0.5, 0.5]
		},
		"gui": {
			"rotation": [15, 165, 0],
			"translation": [0, 4, 0]
		},
		"head": {
			"translation": [0, 6.4, 0],
			"scale": [1.6, 1.6, 1.6]
		},
		"fixed": {
			"translation": [0, 4, -3]
		}
	},
	"groups": [
		{
			"name": "WizardHat",
			"origin": [8, 8, 8],
			"color": 0,
			"children": [0, 1, 2, 3, 4, 5, 6, 7, 8, 9, 10, 11, 12, 13]
		},
		14
	]
}